INSERT INTO CITY (CITY_OID, CITY_NAME) VALUES (1, 'CITY 1');
INSERT INTO CITY (CITY_OID, CITY_NAME) VALUES (2, 'CITY 2');
INSERT INTO CITY (CITY_OID, CITY_NAME) VALUES (3, 'CITY 3');
INSERT INTO CITY (CITY_OID, CITY_NAME) VALUES (4, 'CITY 4');
INSERT INTO CITY (CITY_OID, CITY_NAME) VALUES (5, 'CITY 5');

INSERT INTO LOCATION ( LOCATION_OID, LOCATION_NAME, CITY_OID) VALUES (1, 'LOCATION 1', 1);
INSERT INTO LOCATION ( LOCATION_OID, LOCATION_NAME, CITY_OID) VALUES (2, 'LOCATION 2', 2);
INSERT INTO LOCATION ( LOCATION_OID, LOCATION_NAME, CITY_OID) VALUES (3, 'LOCATION 3', 3);
INSERT INTO LOCATION ( LOCATION_OID, LOCATION_NAME, CITY_OID) VALUES (4, 'LOCATION 4', 4);
INSERT INTO LOCATION ( LOCATION_OID, LOCATION_NAME, CITY_OID) VALUES (5, 'LOCATION 5', 5);


INSERT INTO  DEPARTMENT (DEPARTMENT_OID , DEPARTMENT_NAME , DEPARTMENT_EMAIL, LOCATION_OID) VALUES (1, 'DEPARTMENT 1', 'department1@department.com', 1);
INSERT INTO  DEPARTMENT (DEPARTMENT_OID , DEPARTMENT_NAME , DEPARTMENT_EMAIL, LOCATION_OID) VALUES (2, 'DEPARTMENT 2', 'department1@department.com', 2);
INSERT INTO  DEPARTMENT (DEPARTMENT_OID , DEPARTMENT_NAME , DEPARTMENT_EMAIL, LOCATION_OID) VALUES (3, 'DEPARTMENT 3', 'department1@department.com', 3);
INSERT INTO  DEPARTMENT (DEPARTMENT_OID , DEPARTMENT_NAME , DEPARTMENT_EMAIL, LOCATION_OID) VALUES (4, 'DEPARTMENT 4', 'department1@department.com', 4);
INSERT INTO  DEPARTMENT (DEPARTMENT_OID , DEPARTMENT_NAME , DEPARTMENT_EMAIL, LOCATION_OID) VALUES (5, 'DEPARTMENT 5', 'department1@department.com', 5);



INSERT INTO  EMPLOYEE (EMPLOYEE_OID,EMPLOYEE_NAME, EMPLOYEE_EMAIL, DEPARTMENT_OID) VALUES (1, 'EMPLOYEE 1', 'employee1@employee.com', 1);
INSERT INTO  EMPLOYEE (EMPLOYEE_OID,EMPLOYEE_NAME, EMPLOYEE_EMAIL, DEPARTMENT_OID) VALUES (2, 'EMPLOYEE 1', 'employee1@employee.com', 2);
INSERT INTO  EMPLOYEE (EMPLOYEE_OID,EMPLOYEE_NAME, EMPLOYEE_EMAIL, DEPARTMENT_OID) VALUES (3, 'EMPLOYEE 1', 'employee1@employee.com', 3);
INSERT INTO EMPLOYEE (EMPLOYEE_OID,EMPLOYEE_NAME, EMPLOYEE_EMAIL, DEPARTMENT_OID) VALUES (4, 'EMPLOYEE 1', 'employee1@employee.com', 4);
INSERT INTO  EMPLOYEE (EMPLOYEE_OID,EMPLOYEE_NAME, EMPLOYEE_EMAIL, DEPARTMENT_OID) VALUES (5, 'EMPLOYEE 1', 'employee1@employee.com', 5);
INSERT INTO  EMPLOYEE (EMPLOYEE_OID,EMPLOYEE_NAME, EMPLOYEE_EMAIL, DEPARTMENT_OID) VALUES (6, 'EMPLOYEE 1', 'employee1@employee.com', 1);
